STRIKE ANYWHERE,https://www.lostinstpete.org/headliners/strike-anywhere
WAR ON WOMEN,https://www.lostinstpete.org/headliners/war-on-women
Z U L U,https://www.lostinstpete.org/headliners/zulu
ZETA,https://www.lostinstpete.org/headliners/zeta
FAMOUS KID BRICK,https://www.lostinstpete.org/headliners/famous-kid-brick
BIG BABY SCUMBAG,https://www.lostinstpete.org/headliners/big-baby-scumbag
ONLYONETWO,https://www.lostinstpete.org/headliners/onlyonetwo
CODEFENDANTS,https://www.lostinstpete.org/headliners/codefendants
GILT,https://www.lostinstpete.org/headliners/gilt
DIKEMBE,https://www.lostinstpete.org/headliners/dikembe
430 STEPS,https://www.lostinstpete.org/full-lineup/430-steps
489XY,https://www.lostinstpete.org/full-lineup/489xy
ACOUPSTIX,https://www.lostinstpete.org/full-lineup/acoupstix
ALEC BURNRIGHT,https://www.lostinstpete.org/full-lineup/alec-burnright
ANIMAL PRINCE,https://www.lostinstpete.org/full-lineup/animal-prince
ANTACID TRIP,https://www.lostinstpete.org/full-lineup/antacid-trip
ARCANE ARCADE,https://www.lostinstpete.org/full-lineup/arcane-arcade
ARTICLES,https://www.lostinstpete.org/full-lineup/articles
BAD TEETH,https://www.lostinstpete.org/full-lineup/bad-teeth
BANGARANG,https://www.lostinstpete.org/full-lineup/bangarang
BEACH TERROR,https://www.lostinstpete.org/full-lineup/beach-terror
BIG SAD,https://www.lostinstpete.org/full-lineup/big-sad
BLACK CLASH,https://www.lostinstpete.org/full-lineup/black-clash
BOHAV,https://www.lostinstpete.org/full-lineup/bohav
BORED OPERATOR,https://www.lostinstpete.org/full-lineup/bored-operator
BURN FOREVER,https://www.lostinstpete.org/full-lineup/burn-forever
B-ZEIK,https://www.lostinstpete.org/full-lineup/b-zeik
CAUGHT FIRE,https://www.lostinstpete.org/full-lineup/caught-fire
CHAUNCES,https://www.lostinstpete.org/lisp-2022/2022-lineup/chaunces
CLAVUS,https://www.lostinstpete.org/full-lineup/clavus
COLD STEEL,https://www.lostinstpete.org/full-lineup/cold-steel
COLLAPSOR,https://www.lostinstpete.org/full-lineup/collapsor
DAGGER,https://www.lostinstpete.org/full-lineup/dagger
DAVE!JA!VU!,https://www.lostinstpete.org/full-lineup/davejavu
DEA & SAINT,https://www.lostinstpete.org/full-lineup/dea-saint
DEAF COMPANY,https://www.lostinstpete.org/full-lineup/deaf-company
DEB RUBY,https://www.lostinstpete.org/full-lineup/deb-ruby
DEEZY WEE THE REAPER,https://www.lostinstpete.org/full-lineup/deezy-wee-the-reaper
DEPHREE,https://www.lostinstpete.org/full-lineup/dephree
DIREWOOD,https://www.lostinstpete.org/full-lineup/direwood
DISCORD THEORY,https://www.lostinstpete.org/full-lineup/discord-theory
DJ DONNIE LUV,https://www.lostinstpete.org/full-lineup/dj-donnie-luv
DROGOTDOE,https://www.lostinstpete.org/full-lineup/drogotdoe
EYELID CINEMA,https://www.lostinstpete.org/full-lineup/eyelid-cinema
FINGERPUPPET,https://www.lostinstpete.org/full-lineup/fingerpuppet
FLOATING BOY,https://www.lostinstpete.org/full-lineup/floating-boy
FROSTFANG,https://www.lostinstpete.org/full-lineup/frostfang
GIORGI,https://www.lostinstpete.org/full-lineup/giorgi
GULLWING,https://www.lostinstpete.org/full-lineup/gullwing
HAGAN LEE & DJ QEYS,https://www.lostinstpete.org/full-lineup/hagan-lee-dj-qeys
HAUTE TENSION,https://www.lostinstpete.org/full-lineup/haute-tension
HeyeYella,https://www.lostinstpete.org/full-lineup/heyeyella
HIGHWAY ADVISORY RADIO,https://www.lostinstpete.org/full-lineup/highway-advisory-radio
HIJAS DE LA MUERTE,https://www.lostinstpete.org/full-lineup/hijas-de-la-muerte
HOIST,https://www.lostinstpete.org/full-lineup/hoist
HOVERCAR,https://www.lostinstpete.org/full-lineup/hovercar
HUMAN ERROR,https://www.lostinstpete.org/full-lineup/human-error
HUMAN KINDA,https://www.lostinstpete.org/full-lineup/human-kinda
ILLUMINATE ME,https://www.lostinstpete.org/full-lineup/illuminate-me
INFINITE THIRD,https://www.lostinstpete.org/full-lineup/infinite-third
INSTAMATIQ,https://www.lostinstpete.org/full-lineup/instamatiq
JOHNSTONSONS,https://www.lostinstpete.org/full-lineup/johnstonsons
KALIB MUSIC,https://www.lostinstpete.org/full-lineup/kalib-music
KEZRA LEON,https://www.lostinstpete.org/full-lineup/kezra-leon
KID LOKI,https://www.lostinstpete.org/full-lineup/kid-loki
KNIFE RITUALS,https://www.lostinstpete.org/full-lineup/knife-rituals
KOZYY8,https://www.lostinstpete.org/full-lineup/kozyy8
LILITH,https://www.lostinstpete.org/full-lineup/lilith
LIQUID PENNIES,https://www.lostinstpete.org/full-lineup/liquid-pennies
LOT LIZARDS,https://www.lostinstpete.org/full-lineup/lot-lizards
LOW SEASON,https://www.lostinstpete.org/full-lineup/low-season
MAK,https://www.lostinstpete.org/full-lineup/mak
MIKE TONY,https://www.lostinstpete.org/full-lineup/mike-tony
MOVIE PROPS,https://www.lostinstpete.org/full-lineup/movie-props
MTY JAI,https://www.lostinstpete.org/full-lineup/mty-jai
MY CAT UMI,https://www.lostinstpete.org/full-lineup/my-cat-umi
MYLES OPTIMYSTIC,https://www.lostinstpete.org/full-lineup/myles-optimystic
NASHIRA,https://www.lostinstpete.org/full-lineup/nashira
NICO SWEET,https://www.lostinstpete.org/full-lineup/nico-sweet
OCEANS END,https://www.lostinstpete.org/full-lineup/oceans-end
PEACE CULT,https://www.lostinstpete.org/full-lineup/peace-cult
PET LIZARD,https://www.lostinstpete.org/full-lineup/pet-lizard
PILOT JONEZZ,https://www.lostinstpete.org/full-lineup/pilot-jonezz
PIPE DREAMER,https://www.lostinstpete.org/full-lineup/pipe-dreamer
POHGOH,https://www.lostinstpete.org/full-lineup/pohgoh
PROUD MIRANDA,https://www.lostinstpete.org/full-lineup/proud-miranda
QUEENOFEX,https://www.lostinstpete.org/full-lineup/queenofex
RAZOR AND THE BOOGIEMEN,https://www.lostinstpete.org/full-lineup/razor-and-the-boogiemen
REEVES,https://www.lostinstpete.org/full-lineup/reeves
roboBOREALIS,https://www.lostinstpete.org/full-lineup/roboborealis
ROGERTHOMAS [DJ SET],https://www.lostinstpete.org/full-lineup/rogerthomas-dj-set
RUTTERKIN,https://www.lostinstpete.org/full-lineup/rutterkin
SLAP OF REALITY,https://www.lostinstpete.org/full-lineup/slap-of-reality
SOMEATTICS,https://www.lostinstpete.org/full-lineup/someattics
SOMEDAY RIVER,https://www.lostinstpete.org/full-lineup/someday-river
SPANISH NEEDLES,https://www.lostinstpete.org/full-lineup/spanish-needles
STAR OF KHORALA,https://www.lostinstpete.org/full-lineup/star-of-khorala
SUNNY FRITZ,https://www.lostinstpete.org/full-lineup/sunny-fritz
SYDLIVE,https://www.lostinstpete.org/full-lineup/sydlive
TEEN AGERS,https://www.lostinstpete.org/full-lineup/teen-agers
TENSION ELECTRIC,https://www.lostinstpete.org/full-lineup/tension-electric
THE HOLY GHOST TABERNACLE CHOIR,https://www.lostinstpete.org/full-lineup/the-holy-ghost-tabernacle-choir
THE KUTOFFS,https://www.lostinstpete.org/full-lineup/the-kutoffs
THE RACK,https://www.lostinstpete.org/full-lineup/the-rack
THEE BUTCHER CABAL,https://www.lostinstpete.org/full-lineup/thee-butcher-cabal
THUNDERCLAP,https://www.lostinstpete.org/full-lineup/thunderclap
TIMOTHY EERIE,https://www.lostinstpete.org/full-lineup/timothy-eerie
TONY HANDZ,https://www.lostinstpete.org/full-lineup/tony-handz
TYSONIOUS MINK,https://www.lostinstpete.org/full-lineup/tysonious-mink
VACANCY,https://www.lostinstpete.org/full-lineup/vacancy
VIRGINITY,https://www.lostinstpete.org/full-lineup/virginity
WALLED CITY,https://www.lostinstpete.org/full-lineup/walled-city
WITCHBENDER,https://www.lostinstpete.org/full-lineup/witchbender
WOLF-FACE,https://www.lostinstpete.org/full-lineup/wolf-face
WORK STRESS COLLECTIVE,https://www.lostinstpete.org/full-lineup/work-stress-collective
YX984,https://www.lostinstpete.org/full-lineup/yx984
YZM,https://www.lostinstpete.org/full-lineup/yzm